key,category,title,display_column,display_row,complexity,aspects,parents,parents_hidden,flags,page_count,page_types,recipe_keys,warp
BASICTHAUMATURGY,THAUMATURGY,Basic Wand Craft,0,0,1,,,,auto_unlock;stub;round,4,TEXT;TEXT;NORMAL_CRAFTING;NORMAL_CRAFTING,WandCapIron;WandBasic,0
FOCUSFIRE,THAUMATURGY,Wand Foci,2,-2,1,IGNIS:3;PRAECANTATIO:3,BASICTHAUMATURGY,,,3,TEXT;TEXT;ARCANE_CRAFTING,FocusFire,0
FOCUSFROST,THAUMATURGY,Wand Focus: Frost,1,-5,1,AQUA:3;PRAECANTATIO:3;GELUM:6,FOCUSFIRE,,secondary;concealed,2,TEXT;ARCANE_CRAFTING,FocusFrost,0
FOCUSHELLBAT,THAUMATURGY,Wand Focus: Nine Hells,3,-7,2,ITER:3;BESTIA:6;IGNIS:3;PRAECANTATIO:3,,FOCUSFIRE;INFUSION,hidden,2,TEXT;INFUSION_CRAFTING,FocusHellbat,2
FOCUSEXCAVATION,THAUMATURGY,Wand Focus: Excavation,0,-3,2,TERRA:3;PERDITIO:3;PRAECANTATIO:3,FOCUSFIRE,,concealed,2,TEXT;ARCANE_CRAFTING,FocusExcavation,0
FOCUSWARDING,THAUMATURGY,Wand Focus: Warding,-2,-4,3,TERRA:6;TUTAMEN:3;ORDO:3;COGNITIO:3,FOCUSEXCAVATION;INFUSION,,concealed,2,TEXT;INFUSION_CRAFTING,FocusWarding,0
FOCUSSHOCK,THAUMATURGY,Wand Focus: Shock,3,-5,1,AER:3;POTENTIA:6;PRAECANTATIO:3,FOCUSFIRE,,secondary;concealed,2,TEXT;ARCANE_CRAFTING,FocusShock,0
FOCUSTRADE,THAUMATURGY,Wand Focus: Equal Trade,4,-3,2,TERRA:3;PERMUTATIO:6;PRAECANTATIO:3,FOCUSFIRE,,concealed,2,TEXT;ARCANE_CRAFTING,FocusTrade,0
FOCUSPORTABLEHOLE,THAUMATURGY,Wand Focus: Portable Hole,7,-2,2,ITER:3;PERDITIO:3;ALIENIS:6;AER:3,FOCUSTRADE;INFUSION,,concealed,2,TEXT;INFUSION_CRAFTING,FocusPortableHole,0
FOCUSPOUCH,THAUMATURGY,Focus Pouch,4,-1,1,VACUOS:6;PRAECANTATIO:3;INSTRUMENTUM:3,FOCUSFIRE,,secondary,2,TEXT;ARCANE_CRAFTING,FocusPouch,0
CAP_iron,THAUMATURGY,CAP_iron,0,0,1,,,,auto_unlock,0,,,0
CAP_gold,THAUMATURGY,Gold Wand Caps,3,2,1,METALLUM:3;LUCRUM:3;INSTRUMENTUM:3,BASICTHAUMATURGY,,,2,TEXT;ARCANE_CRAFTING,WandCapGold,0
CAP_thaumium,THAUMATURGY,Thaumium Wand Caps,5,4,2,METALLUM:6;PRAECANTATIO:6;INSTRUMENTUM:3;AURAM:3,CAP_gold;THAUMIUM;INFUSION,,,3,TEXT;ARCANE_CRAFTING;INFUSION_CRAFTING,WandCapThaumiumInert;WandCapThaumium,0
CAP_copper,THAUMATURGY,Copper Wand Caps,2,0,1,METALLUM:3;PERMUTATIO:3;INSTRUMENTUM:3,BASICTHAUMATURGY,,,2,TEXT;ARCANE_CRAFTING,WandCapCopper,0
CAP_silver,THAUMATURGY,Silver Wand Caps,5,1,1,METALLUM:3;LUCRUM:3;INSTRUMENTUM:3;AURAM:3,CAP_gold;INFUSION,,concealed,3,TEXT;ARCANE_CRAFTING;INFUSION_CRAFTING,WandCapSilverInert;WandCapSilver,0
ROD_wood,THAUMATURGY,ROD_wood,0,0,1,,,,auto_unlock,0,,,0
ROD_greatwood,THAUMATURGY,Greatwood Wand Core,-5,2,1,INSTRUMENTUM:3;ARBOR:6;PRAECANTATIO:3,BASICTHAUMATURGY,,,2,TEXT;ARCANE_CRAFTING,WandRodGreatwood,0
ROD_reed,THAUMATURGY,Reed Wand Core,-5,-1,2,INSTRUMENTUM:3;AER:6;HERBA:3;PRAECANTATIO:3,ROD_greatwood;INFUSION,,secondary;concealed,2,TEXT;INFUSION_CRAFTING,WandRodReed,0
ROD_blaze,THAUMATURGY,Blaze Rod Wand Core,-7,0,2,INSTRUMENTUM:3;IGNIS:6;POTENTIA:3;PRAECANTATIO:3,ROD_greatwood;INFUSION,,secondary;concealed,2,TEXT;INFUSION_CRAFTING,WandRodBlaze,0
ROD_obsidian,THAUMATURGY,Obsidian Wand Core,-8,2,2,INSTRUMENTUM:3;TERRA:6;IGNIS:3;PRAECANTATIO:3,ROD_greatwood;INFUSION,,secondary;concealed,2,TEXT;INFUSION_CRAFTING,WandRodObsidian,0
ROD_ice,THAUMATURGY,Icy Wand Core,-7,4,2,INSTRUMENTUM:3;GELUM:6;AQUA:3;PRAECANTATIO:3,ROD_greatwood;INFUSION,,secondary;concealed,2,TEXT;INFUSION_CRAFTING,WandRodIce,0
ROD_quartz,THAUMATURGY,Quartz Wand Core,-5,5,2,INSTRUMENTUM:3;ORDO:6;VITREUS:3;PRAECANTATIO:3,ROD_greatwood;INFUSION,,secondary;concealed,2,TEXT;INFUSION_CRAFTING,WandRodQuartz,0
ROD_bone,THAUMATURGY,Bone Wand Core,-3,0,2,INSTRUMENTUM:3;PERDITIO:6;EXANIMIS:3;PRAECANTATIO:3,ROD_greatwood;INFUSION,,secondary;concealed,2,TEXT;INFUSION_CRAFTING,WandRodBone,1
ROD_silverwood,THAUMATURGY,Silverwood Wand Core,-2,5,3,INSTRUMENTUM:6;ARBOR:6;PRAECANTATIO:9,ROD_greatwood;INFUSION,,,2,TEXT;INFUSION_CRAFTING,WandRodSilverwood,0
SCEPTRE,THAUMATURGY,Crafting Scepters,0,4,3,INSTRUMENTUM:6;FABRICO:6;ARBOR:6;PRAECANTATIO:9,ROD_silverwood,,concealed,2,TEXT;ARCANE_CRAFTING,,0
ROD_greatwood_staff,THAUMATURGY,Magic Staves,-1,7,1,INSTRUMENTUM:3;ARBOR:6;PRAECANTATIO:3,ROD_silverwood,,,3,TEXT;TEXT;ARCANE_CRAFTING,WandRodGreatwoodStaff,0
ROD_reed_staff,THAUMATURGY,Reed Staff Core,-5,-2,2,INSTRUMENTUM:3;AER:6;HERBA:3;PRAECANTATIO:3,ROD_reed,ROD_greatwood_staff,secondary;concealed,2,TEXT;ARCANE_CRAFTING,WandRodReedStaff,0
ROD_blaze_staff,THAUMATURGY,Blaze Rod Staff Core,-8,-1,2,INSTRUMENTUM:3;IGNIS:6;POTENTIA:3;PRAECANTATIO:3,ROD_blaze,ROD_greatwood_staff,secondary;concealed,2,TEXT;ARCANE_CRAFTING,WandRodBlazeStaff,0
ROD_obsidian_staff,THAUMATURGY,Obsidian Staff Core,-9,2,2,INSTRUMENTUM:3;TERRA:6;IGNIS:3;PRAECANTATIO:3,ROD_obsidian,ROD_greatwood_staff,secondary;concealed,2,TEXT;ARCANE_CRAFTING,WandRodObsidianStaff,0
ROD_ice_staff,THAUMATURGY,Icy Staff Core,-8,5,2,INSTRUMENTUM:3;GELUM:6;AQUA:3;PRAECANTATIO:3,ROD_ice,ROD_greatwood_staff,secondary;concealed,2,TEXT;ARCANE_CRAFTING,WandRodIceStaff,0
ROD_quartz_staff,THAUMATURGY,Quartz Staff Core,-4,6,2,INSTRUMENTUM:3;ORDO:6;VITREUS:3;PRAECANTATIO:3,ROD_quartz,ROD_greatwood_staff,secondary;concealed,2,TEXT;ARCANE_CRAFTING,WandRodQuartzStaff,0
ROD_bone_staff,THAUMATURGY,Bone Staff Core,-2,-1,2,INSTRUMENTUM:3;PERDITIO:6;EXANIMIS:3;PRAECANTATIO:3,ROD_bone,ROD_greatwood_staff,secondary;concealed,2,TEXT;ARCANE_CRAFTING,WandRodBoneStaff,1
ROD_silverwood_staff,THAUMATURGY,Silverwood Staff Core,-1,5,3,INSTRUMENTUM:6;ARBOR:6;PRAECANTATIO:9,ROD_silverwood,ROD_greatwood_staff,secondary;concealed,2,TEXT;ARCANE_CRAFTING,WandRodSilverwoodStaff,0
WANDPED,THAUMATURGY,Wand Recharge Pedestal,-9,-6,2,AURAM:6;PRAECANTATIO:3;PERMUTATIO:3;POTENTIA:3,INFUSION;NODEPRESERVE;NODESTABILIZER,,concealed,2,TEXT;INFUSION_CRAFTING,WandPed,0
VISAMULET,THAUMATURGY,Vis Storage,-9,-8,2,AURAM:3;PRAECANTATIO:6;POTENTIA:3;VACUOS:3,WANDPED,,concealed,3,TEXT;INFUSION_CRAFTING;TEXT,VisAmulet,0
WANDPEDFOC,THAUMATURGY,Compound Recharge Focus,-10,-7,3,AURAM:6;PRAECANTATIO:6;PERMUTATIO:6;POTENTIA:3;INSTRUMENTUM:3,WANDPED,,secondary;concealed,2,TEXT;INFUSION_CRAFTING,WandPedFocus,0
NODESTABILIZER,THAUMATURGY,Node Stabilizer,-7,-4,1,AURAM:4;ORDO:4;POTENTIA:4,NODEPRESERVE,,,3,TEXT;ARCANE_CRAFTING;TEXT,NodeStabilizer,0
NODESTABILIZERADV,THAUMATURGY,Advanced Node Stabilizer,-8,-3,2,AURAM:9;PRAECANTATIO:6;ORDO:6;POTENTIA:6,NODESTABILIZER,,secondary;concealed,2,TEXT;INFUSION_CRAFTING,NodeStabilizerAdv,0
VISPOWER,THAUMATURGY,Harnessing Vis,-5,-6,2,AURAM:3;MACHINA:3;POTENTIA:6,NODESTABILIZER,,special,7,TEXT;ARCANE_CRAFTING;TEXT;TEXT;ARCANE_CRAFTING;TEXT;TEXT,NodeTransducer;NodeRelay,0
VISCHARGERELAY,THAUMATURGY,Vis Charging Relay,-7,-6,2,PRAECANTATIO:3;AURAM:3;MACHINA:3;POTENTIA:6,VISPOWER;WANDPED,ROD_greatwood,secondary;concealed,2,TEXT;ARCANE_CRAFTING,NodeChargeRelay,0
FOCALMANIPULATION,THAUMATURGY,Focal Manipulation ,-3,-8,2,PRAECANTATIO:8;INSTRUMENTUM:8;FABRICO:5;VITREUS:5;POTENTIA:5,VISPOWER,INFUSION;FOCUSFIRE,,3,TEXT;ARCANE_CRAFTING;TEXT,FocalManipulator,0
VAMPBAT,THAUMATURGY,Tier 5 Upgrade: Vampire Bats ,4,-8,1,FAMES:5;VICTUS:5;PRAECANTATIO:5,FOCUSHELLBAT,FOCALMANIPULATION,secondary,1,TEXT,,0
BASICARTIFACE,ARTIFICE,Basic Artifacing,0,1,1,,,,auto_unlock;stub;round,6,TEXT;ARCANE_CRAFTING;NORMAL_CRAFTING;NORMAL_CRAFTING;NORMAL_CRAFTING;ARCANE_CRAFTING,PrimalCharm;MundaneAmulet;MundaneRing;MundaneBelt;MirrorGlass,0
ARCANESTONE,ARTIFICE,Arcane Stone,5,-2,1,,,,auto_unlock;stub;round,5,TEXT;ARCANE_CRAFTING;NORMAL_CRAFTING;NORMAL_CRAFTING;NORMAL_CRAFTING,ArcaneStone1;ArcaneStone2;ArcaneStone3;ArcaneStone4,0
GRATE,ARTIFICE,Item Grate,2,-1,1,,,,auto_unlock;stub;round,2,TEXT;NORMAL_CRAFTING,Grate,0
TABLE,ARTIFICE,Table,0,-1,1,,,,auto_unlock;stub;round,2,TEXT;NORMAL_CRAFTING,Table,0
ARCTABLE,ARTIFICE,Arcane Worktable,-1,-3,1,,TABLE,,auto_unlock;stub;round,2,TEXT;NORMAL_CRAFTING,ArcTable,0
RESTABLE,ARTIFICE,Research Table,1,-3,1,,TABLE,,auto_unlock;stub;round,2,TEXT;NORMAL_CRAFTING,ResTable,0
THAUMOMETER,ARTIFICE,Thaumometer,2,1,1,,,,auto_unlock;stub;round,2,TEXT;NORMAL_CRAFTING,Thaumometer,0
PAVETRAVEL,ARTIFICE,Paving Stone of Travel,4,-4,1,ITER:3;TERRA:3;VOLATUS:3,ARCANESTONE,,secondary,2,TEXT;ARCANE_CRAFTING,PaveTravel,0
PAVEWARD,ARTIFICE,Paving Stone of Warding,6,-4,1,MOTUS:3;VINCULUM:3;BESTIA:3,ARCANESTONE,,secondary,3,TEXT;ARCANE_CRAFTING;TEXT,PaveWard,0
GOGGLES,ARTIFICE,Goggles of Revealing,4,1,1,SENSUS:3;AURAM:3;PRAECANTATIO:3,THAUMOMETER,,concealed,2,TEXT;ARCANE_CRAFTING,Goggles,0
ARCANEEAR,ARTIFICE,Arcane Ear,6,0,1,SENSUS:3;POTENTIA:3;AER:3,GOGGLES,,concealed,2,TEXT;ARCANE_CRAFTING,ArcaneEar,0
SINSTONE,ARTIFICE,Sinister Lodestone ,6,2,1,SENSUS:3;TENEBRAE:3;ALIENIS:3;AURAM:3,GOGGLES,,concealed,2,TEXT;INFUSION_CRAFTING,SinStone,2
LEVITATOR,ARTIFICE,Arcane Levitator,-3,-3,1,MOTUS:3;VOLATUS:3;AER:3,NITOR,,concealed,2,TEXT;ARCANE_CRAFTING,Levitator,0
INFERNALFURNACE,ARTIFICE,Infernal Furnace,-4,-1,2,IGNIS:6;METALLUM:3;FABRICO:3;AURAM:3,NITOR;ALUMENTUM,,concealed,3,TEXT;NORMAL_CRAFTING;TEXT,InfernalFurnace,2
BELLOWS,ARTIFICE,Arcane Bellows,-6,-2,1,AER:6;MACHINA:3;MOTUS:3,INFERNALFURNACE,,secondary;concealed,3,TEXT;ARCANE_CRAFTING;TEXT,Bellows,0
ENCHFABRIC,ARTIFICE,Enchanted Fabric,0,3,1,PANNUS:3;PRAECANTATIO:3,,,secondary,6,TEXT;ARCANE_CRAFTING;TEXT;ARCANE_CRAFTING;ARCANE_CRAFTING;ARCANE_CRAFTING,EnchantedFabric;RobeChest;RobeLegs;RobeBoots,0
INFUSION,ARTIFICE,Infusion,-4,5,2,PRAECANTATIO:6;MACHINA:3;FABRICO:6,DISTILESSENTIA,,concealed,8,TEXT;ARCANE_CRAFTING;ARCANE_CRAFTING;TEXT;NORMAL_CRAFTING;TEXT;TEXT;TEXT,InfusionMatrix;ArcanePedestal;InfusionAltar,0
FLUXSCRUB,ARTIFICE,Flux Scrubber ,-8,-3,1,PRAECANTATIO:3;VINCULUM:3;AER:3;AQUA:3,VISPOWER;BELLOWS;TUBES,INFUSION,secondary,2,TEXT;ARCANE_CRAFTING,FluxScrubber,0
RUNICARMOR,ARTIFICE,Runic Shielding,3,4,3,TUTAMEN:6;AER:3;PRAECANTATIO:3;POTENTIA:3;COGNITIO:3,ENCHFABRIC,INFUSION,concealed,5,TEXT;TEXT;INFUSION_CRAFTING;INFUSION_CRAFTING;INFUSION_CRAFTING,RunicRing;RunicAmulet;RunicGirdle,0
RUNICCHARGED,ARTIFICE,Charged Ring of Shielding,2,3,2,PRAECANTATIO:3;TUTAMEN:3;POTENTIA:6,RUNICARMOR,,secondary;concealed,2,TEXT;INFUSION_CRAFTING,RunicRingCharged,0
RUNICHEALING,ARTIFICE,Revitalizing Ring of Shielding,4,3,2,PRAECANTATIO:3;TUTAMEN:3;SANO:4;AQUA:4,RUNICARMOR,,secondary;concealed,2,TEXT;INFUSION_CRAFTING,RunicRingHealing,0
RUNICKINETIC,ARTIFICE,Kinetic Girdle of Shielding,2,5,2,PRAECANTATIO:3;TUTAMEN:3;AER:6,RUNICARMOR,,secondary;concealed,2,TEXT;INFUSION_CRAFTING,RunicGirdleKinetic,0
RUNICEMERGENCY,ARTIFICE,Amulet of Emergency Shielding,4,5,2,PRAECANTATIO:3;TUTAMEN:3;TERRA:4;VACUOS:4,RUNICARMOR,,secondary;concealed,2,TEXT;INFUSION_CRAFTING,RunicAmuletEmergency,0
BANNERS,ARTIFICE,Banners ,4,8,1,SENSUS:3;PANNUS:3;PRAECANTATIO:1,,,secondary;hidden,2,TEXT;ARCANE_CRAFTING,,0
RUNICAUGMENTATION,ARTIFICE,Runic Shielding Augmentation,6,4,1,PRAECANTATIO:3;TUTAMEN:3;PERMUTATIO:4;LUCRUM:4,RUNICARMOR,,concealed,3,TEXT;INFUSION_CRAFTING;TEXT,,0
BOOTSTRAVELLER,ARTIFICE,Boots of the Traveler,-1,5,2,ITER:3;TERRA:3;VOLATUS:3;AQUA:3,ENCHFABRIC;INFUSION,,concealed,2,TEXT;INFUSION_CRAFTING,BootsTraveller,0
HOVERHARNESS,ARTIFICE,Thaumostatic Harness,1,7,3,VOLATUS:6;ITER:6;AER:6;MACHINA:3,BOOTSTRAVELLER,,concealed,3,TEXT;INFUSION_CRAFTING;TEXT,HoverHarness,0
HOVERGIRDLE,ARTIFICE,Thaumostatic Girdle,2,7,3,VOLATUS:6;ITER:3;AER:3;MOTUS:6,HOVERHARNESS,,secondary;hidden,2,TEXT;INFUSION_CRAFTING,HoverGirdle,0
MIRROR,ARTIFICE,Mirror Magic,-1,8,2,ITER:6;ALIENIS:3;TENEBRAE:3;VITREUS:3,INFUSION,,hidden,4,TEXT;TEXT;INFUSION_CRAFTING;TEXT,Mirror,0
MIRRORHAND,ARTIFICE,Magical Hand Mirror,1,9,2,INSTRUMENTUM:6;ALIENIS:3;VITREUS:3;ITER:3,MIRROR,,secondary;concealed,2,TEXT;INFUSION_CRAFTING,MirrorHand,0
MIRRORESSENTIA,ARTIFICE,Essentia Mirrors,-1,10,2,ITER:6;ALIENIS:3;AQUA:3;PRAECANTATIO:3,MIRROR,,secondary;concealed,3,TEXT;INFUSION_CRAFTING;TEXT,MirrorEssentia,0
ARCANEBORE,ARTIFICE,Arcane Bore,-3,8,2,PERFODIO:6;MOTUS:3;MACHINA:3;INSTRUMENTUM:3,FOCUSEXCAVATION;INFUSION,,concealed,5,TEXT;INFUSION_CRAFTING;TEXT;ARCANE_CRAFTING;TEXT,ArcaneBore;ArcaneBoreBase,0
ARCANELAMP,ARTIFICE,Arcane Lamp,-3,1,1,LUX:3;SENSUS:3;TENEBRAE:3,NITOR,,secondary,3,TEXT;ARCANE_CRAFTING;TEXT_CONCEALED,ArcaneLamp,0
LAMPGROWTH,ARTIFICE,Lamp of Growth,-4,3,2,LUX:3;HERBA:6;VICTUS:3;MESSIS:3,ARCANELAMP;INFUSION,,hidden,2,TEXT;INFUSION_CRAFTING,LampGrowth,0
LAMPFERTILITY,ARTIFICE,Lamp of Fertility,-2,3,2,BESTIA:6;VICTUS:6;LUX:3,ARCANELAMP;INFUSION,,hidden,2,TEXT;INFUSION_CRAFTING,LampFertility,0
BONEBOW,ARTIFICE,Bone Bow,-7,1,1,TELUM:3;AER:3;MOTUS:3,,,hidden,2,TEXT;ARCANE_CRAFTING,BoneBow,0
PRIMALARROW,ARTIFICE,Primal Arrows,-9,0,2,TELUM:3;AER:3;IGNIS:3;AQUA:3;TERRA:3;ORDO:3;PERDITIO:3,BONEBOW,,concealed,4,TEXT;ARCANE_CRAFTING;TEXT;TEXT,,0
ELEMENTALAXE,ARTIFICE,Axe of the Stream,-7,4,2,INSTRUMENTUM:3;AQUA:3;MOTUS:3,THAUMIUM;INFUSION,,concealed,3,TEXT;INFUSION_CRAFTING;TEXT,ElementalAxe,0
ELEMENTALPICK,ARTIFICE,Pickaxe of the Core,-7,3,2,INSTRUMENTUM:3;IGNIS:3;SENSUS:3,THAUMIUM;INFUSION,,concealed,3,TEXT;INFUSION_CRAFTING;TEXT,ElementalPick,0
ELEMENTALSWORD,ARTIFICE,Sword of the Zephyr,-7,5,2,TELUM:3;AER:3;POTENTIA:3,THAUMIUM;INFUSION,,concealed,2,TEXT;INFUSION_CRAFTING,ElementalSword,0
ELEMENTALSHOVEL,ARTIFICE,Shovel of the Earthmover,-7,6,2,INSTRUMENTUM:3;TERRA:3;FABRICO:3,THAUMIUM;INFUSION,,concealed,3,TEXT;INFUSION_CRAFTING;TEXT,ElementalShovel,0
ELEMENTALHOE,ARTIFICE,Hoe of Growth,-7,7,2,INSTRUMENTUM:3;VICTUS:3;MESSIS:3,THAUMIUM;INFUSION,,concealed,2,TEXT;INFUSION_CRAFTING,ElementalHoe,0
WARDEDARCANA,ARTIFICE,Warded Arcana,-5,-4,2,INSTRUMENTUM:6;COGNITIO:3;MACHINA:3;TUTAMEN:3,THAUMIUM,,,9,TEXT;ARCANE_CRAFTING;TEXT;ARCANE_CRAFTING;ARCANE_CRAFTING;TEXT;ARCANE_CRAFTING;TEXT;ARCANE_CRAFTING,ArcaneDoor;IronKey;GoldKey;ArcanePressurePlate;WardedGlass,0
JARBRAIN,ARTIFICE,Brain in a Jar,-5,9,2,FAMES:3;COGNITIO:3;EXANIMIS:3;LUCRUM:3,INFUSION,,hidden,2,TEXT;INFUSION_CRAFTING,JarBrain,3
INFUSIONENCHANTMENT,ARTIFICE,Infusion Enchantment,-6,11,3,PRAECANTATIO:6;COGNITIO:3;TELUM:3;TUTAMEN:3;INSTRUMENTUM:3,JARBRAIN,,concealed,27,TEXT;TEXT;TEXT;INFUSION_ENCHANTMENT;INFUSION_ENCHANTMENT;INFUSION_ENCHANTMENT;INFUSION_ENCHANTMENT;INFUSION_ENCHANTMENT;INFUSION_ENCHANTMENT;INFUSION_ENCHANTMENT;INFUSION_ENCHANTMENT;INFUSION_ENCHANTMENT;INFUSION_ENCHANTMENT;INFUSION_ENCHANTMENT;INFUSION_ENCHANTMENT;INFUSION_ENCHANTMENT;INFUSION_ENCHANTMENT;INFUSION_ENCHANTMENT;INFUSION_ENCHANTMENT;INFUSION_ENCHANTMENT;INFUSION_ENCHANTMENT;INFUSION_ENCHANTMENT;INFUSION_ENCHANTMENT;INFUSION_ENCHANTMENT;INFUSION_ENCHANTMENT;INFUSION_ENCHANTMENT;INFUSION_ENCHANTMENT,InfEnchRepair;InfEnchHaste;InfEnch0;InfEnch1;InfEnch2;InfEnch3;InfEnch4;InfEnch5;InfEnch6;InfEnch7;InfEnch8;InfEnch9;InfEnch10;InfEnch11;InfEnch12;InfEnch13;InfEnch14;InfEnch15;InfEnch16;InfEnch17;InfEnch18;InfEnch19;InfEnch20;InfEnch21,0
ARMORFORTRESS,ARTIFICE,Thaumium Fortress Armor,-8,9,2,METALLUM:3;TUTAMEN:5;FABRICO:5,THAUMIUM;INFUSIONENCHANTMENT,,hidden,5,TEXT;TEXT;INFUSION_CRAFTING;INFUSION_CRAFTING;INFUSION_CRAFTING,ThaumiumFortressHelm;ThaumiumFortressChest;ThaumiumFortressLegs,0
HELMGOGGLES,ARTIFICE,Helm of Revealing,-9,7,2,SENSUS:5;AURAM:3;TUTAMEN:3,ARMORFORTRESS,GOGGLES,secondary;concealed,2,TEXT;INFUSION_CRAFTING,HelmGoggles,0
MASKGRINNINGDEVIL,ARTIFICE,Grinning Devil Faceplate,-10,8,2,SANO:5;COGNITIO:5;TUTAMEN:3,ARMORFORTRESS,,secondary;concealed,2,TEXT;INFUSION_CRAFTING,MaskGrinningDevil,0
MASKANGRYGHOST,ARTIFICE,Angry Ghost Faceplate,-10,9,2,PERDITIO:5;MORTUUS:5;TUTAMEN:3,ARMORFORTRESS,,secondary;concealed,2,TEXT;INFUSION_CRAFTING,MaskAngryGhost,1
MASKSIPPINGFIEND,ARTIFICE,Sipping Fiend Faceplate,-10,10,2,EXANIMIS:5;VICTUS:5;TUTAMEN:3,ARMORFORTRESS,,secondary;concealed,2,TEXT;INFUSION_CRAFTING,MaskSippingFiend,1
PHIAL,ALCHEMY,Glass Phial,0,-2,1,,,,auto_unlock;stub;round,2,TEXT;NORMAL_CRAFTING,Phial,0
CRUCIBLE,ALCHEMY,Basic Alchemy,0,0,1,,,,auto_unlock;stub,8,TEXT;TEXT;TEXT;NORMAL_CRAFTING;TEXT;CRUCIBLE_CRAFTING;TEXT;UNKNOWN,Crucible,0
NITOR,ALCHEMY,Nitor,2,-1,1,LUX:3;IGNIS:1,CRUCIBLE,,,2,TEXT;CRUCIBLE_CRAFTING,Nitor,0
ALUMENTUM,ALCHEMY,Alumentum,2,1,1,POTENTIA:3;IGNIS:1,CRUCIBLE,,,2,TEXT;CRUCIBLE_CRAFTING,Alumentum,0
ALCHEMICALDUPLICATION,ALCHEMY,Alchemical Duplication,-4,0,1,PRAECANTATIO:3;LUCRUM:3;FABRICO:3,TALLOW,,secondary;concealed,6,TEXT;CRUCIBLE_CRAFTING;CRUCIBLE_CRAFTING;CRUCIBLE_CRAFTING;CRUCIBLE_CRAFTING;CRUCIBLE_CRAFTING,AltGunpowder;AltSlime;AltClay;AltGlowstone;AltInk,0
ALCHEMICALMANUFACTURE,ALCHEMY,Alchemical Manufacture,-5,-2,1,PRAECANTATIO:3;PERMUTATIO:3;FABRICO:3,ALCHEMICALDUPLICATION,,secondary;concealed,4,TEXT;CRUCIBLE_CRAFTING;CRUCIBLE_CRAFTING;CRUCIBLE_CRAFTING,AltWeb;AltMossyCobble;AltIce,0
ENTROPICPROCESSING,ALCHEMY,Entropic Processing,-6,1,1,PRAECANTATIO:1;PERDITIO:3;FABRICO:1,ALCHEMICALDUPLICATION,,secondary;concealed,3,TEXT;CRUCIBLE_CRAFTING;CRUCIBLE_CRAFTING,AltCrackedBrick;AltBonemeal,0
LIQUIDDEATH,ALCHEMY,Liquid Death,-7,3,2,MORTUUS:3;VENENUM:3;PERDITIO:1;AQUA:1,ENTROPICPROCESSING,,hidden,2,TEXT;CRUCIBLE_CRAFTING,LiquidDeath,3
BOTTLETAINT,ALCHEMY,Bottled Taint ,-8,1,2,VITIUM:5;PRAECANTATIO:3;PERDITIO:1;AQUA:1,ENTROPICPROCESSING,,hidden,2,TEXT;CRUCIBLE_CRAFTING,BottleTaint,2
THAUMIUM,ALCHEMY,Magical Metallurgy,-1,3,1,METALLUM:3;PRAECANTATIO:3,CRUCIBLE,,hidden,11,TEXT;CRUCIBLE_CRAFTING;NORMAL_CRAFTING;NORMAL_CRAFTING;NORMAL_CRAFTING;NORMAL_CRAFTING;NORMAL_CRAFTING;NORMAL_CRAFTING;NORMAL_CRAFTING;NORMAL_CRAFTING;NORMAL_CRAFTING,Thaumium;ThaumiumAxe;ThaumiumSword;ThaumiumPick;ThaumiumShovel;ThaumiumHoe;ThaumiumHelm;ThaumiumChest;ThaumiumLegs;ThaumiumBoots,0
PUREIRON,ALCHEMY,Metal Purification,-2,5,1,METALLUM:3;ORDO:3,THAUMIUM,,concealed,2,TEXT;CRUCIBLE_CRAFTING,PureIron,0
PUREGOLD,ALCHEMY,Gold Purification,-4,3,1,METALLUM:3;ORDO:2;LUCRUM:1,PUREIRON,,secondary;concealed,2,TEXT;CRUCIBLE_CRAFTING,PureGold,0
PURECOPPER,ALCHEMY,Copper Purification,-4,5,1,METALLUM:3;ORDO:2;PERMUTATIO:1,PUREIRON,,secondary;concealed,2,TEXT;CRUCIBLE_CRAFTING,PureCopper,0
PURETIN,ALCHEMY,Tin Purification,-4,7,1,METALLUM:3;ORDO:2;VITREUS:1,PUREIRON,,secondary;concealed,2,TEXT;CRUCIBLE_CRAFTING,PureTin,0
PURESILVER,ALCHEMY,Silver Purification,-3,8,1,METALLUM:3;ORDO:2;LUCRUM:1,PUREIRON,,secondary;concealed,2,TEXT;CRUCIBLE_CRAFTING,PureSilver,0
PURELEAD,ALCHEMY,Lead Purification,-2,9,1,METALLUM:3;ORDO:3,PUREIRON,,secondary;concealed,2,TEXT;CRUCIBLE_CRAFTING,PureLead,0
TRANSIRON,ALCHEMY,Metal Transmutation,0,5,1,METALLUM:3;PERMUTATIO:3,THAUMIUM,,concealed,2,TEXT;CRUCIBLE_CRAFTING,TransIron,0
TRANSGOLD,ALCHEMY,Gold Transmutation,2,3,1,METALLUM:3;PERMUTATIO:3,TRANSIRON,,secondary;concealed,2,TEXT;CRUCIBLE_CRAFTING,TransGold,0
TRANSCOPPER,ALCHEMY,Copper Transmutation,2,5,1,METALLUM:3;PERMUTATIO:3,TRANSIRON,,secondary;concealed,2,TEXT;CRUCIBLE_CRAFTING,TransCopper,0
TRANSTIN,ALCHEMY,Tin Transmutation,2,7,1,METALLUM:3;PERMUTATIO:2;VITREUS:1,TRANSIRON,,secondary;concealed,2,TEXT;CRUCIBLE_CRAFTING,TransTin,0
TRANSSILVER,ALCHEMY,Silver Transmutation,1,8,1,METALLUM:3;PERMUTATIO:2;LUCRUM:1,TRANSIRON,,secondary;concealed,2,TEXT;CRUCIBLE_CRAFTING,TransSilver,0
TRANSLEAD,ALCHEMY,Lead Transmutation,0,9,1,METALLUM:3;PERMUTATIO:2;ORDO:1,TRANSIRON,,secondary;concealed,2,TEXT;CRUCIBLE_CRAFTING,TransLead,0
TALLOW,ALCHEMY,Magic Tallow,-2,0,1,CORPUS:3;PRAECANTATIO:1,CRUCIBLE,,,3,TEXT;CRUCIBLE_CRAFTING;NORMAL_CRAFTING,Tallow;TallowCandle,0
ETHEREALBLOOM,ALCHEMY,Ethereal Bloom,-2,-3,2,PRAECANTATIO:1;HERBA:6;SANO:3;VITIUM:6,CRUCIBLE,,concealed;hidden,3,TEXT;CRUCIBLE_CRAFTING;TEXT,EtherealBloom,0
BATHSALTS,ALCHEMY,Purifying Bath Salts,-4,-4,2,COGNITIO:3;AURAM:3;ORDO:3;SANO:3,,,hidden,2,TEXT;CRUCIBLE_CRAFTING,BathSalts,0
SANESOAP,ALCHEMY,Sanitizing Soap,-3,-6,1,COGNITIO:5;ORDO:5;SANO:5;ALIENIS:5,BATHSALTS,,,2,TEXT;CRUCIBLE_CRAFTING,SaneSoap,0
ARCANESPA,ALCHEMY,Arcane Spa,-6,-5,1,AQUA:3;MACHINA:3;ORDO:3,BATHSALTS,,secondary,2,TEXT;ARCANE_CRAFTING,ArcaneSpa,0
DISTILESSENTIA,ALCHEMY,Essentia Distillation,5,-1,1,PRAECANTATIO:3;AQUA:3;LIMUS:3,NITOR;ALUMENTUM,,,6,TEXT;ARCANE_CRAFTING;TEXT;ARCANE_CRAFTING;ARCANE_CRAFTING;ARCANE_CRAFTING,AlchemyFurnace;Filter;Alembic;AlchemicalConstruct,0
JARLABEL,ALCHEMY,Warded Jars and Labels,4,-3,1,,DISTILESSENTIA,,stub;round,7,TEXT;ARCANE_CRAFTING;TEXT;NORMAL_CRAFTING;TEXT;NORMAL_CRAFTING;NORMAL_CRAFTING,WardedJar;JarLabel;JarLabelNull,0
JARVOID,ALCHEMY,Void Jar,5,-5,1,AQUA:3;PERDITIO:3;VACUOS:6,JARLABEL,,secondary;concealed,2,TEXT;ARCANE_CRAFTING,JarVoid,0
TUBES,ALCHEMY,Essentia Tubes,7,0,1,AQUA:3;PRAECANTATIO:3;PERMUTATIO:3,DISTILESSENTIA,,secondary;concealed,7,TEXT;ARCANE_CRAFTING;TEXT;ARCANE_CRAFTING;TEXT;ARCANE_CRAFTING;TEXT,Tube;TubeValve;Resonator,0
TUBEFILTER,ALCHEMY,Advanced Essentia Tubes,9,1,2,AQUA:3;PRAECANTATIO:3;PERMUTATIO:3;ORDO:3,TUBES,,secondary;concealed,5,TEXT;ARCANE_CRAFTING;TEXT;ARCANE_CRAFTING;ARCANE_CRAFTING,TubeFilter;TubeRestrict;TubeOneway,0
ESSENTIACRYSTAL,ALCHEMY,Essentia Crystallization ,8,-2,1,AQUA:5;VITREUS:5;PERMUTATIO:3;PRAECANTATIO:5,TUBES,,concealed,2,TEXT;ARCANE_CRAFTING,EssentiaCrystalizer,0
CENTRIFUGE,ALCHEMY,Alchemical Centrifuge,10,0,2,PERDITIO:3;PRAECANTATIO:3;PERMUTATIO:3;FABRICO:3,TUBEFILTER,,concealed,5,TEXT;ARCANE_CRAFTING;TEXT;TEXT;ARCANE_CRAFTING,Centrifuge;TubeBuffer,0
THAUMATORIUM,ALCHEMY,Automated Alchemy,10,-2,3,AQUA:3;PRAECANTATIO:6;PERMUTATIO:3;FABRICO:3,CENTRIFUGE,,concealed,5,TEXT;NORMAL_CRAFTING;TEXT;TEXT;ARCANE_CRAFTING,Thaumatorium;MnemonicMatrix,0
HUNGRYCHEST,GOLEMANCY,Hungry Chest,-1,0,1,FAMES:3;VACUOS:3,,,secondary,2,TEXT;ARCANE_CRAFTING,HungryChest,0
GOLEMFETTER,GOLEMANCY,Golem Fetter,4,8,1,VINCULUM:3;MACHINA:3,GOLEMSTONE,,secondary,2,TEXT;ARCANE_CRAFTING,GolemFetter,0
TRAVELTRUNK,GOLEMANCY,Traveling Trunk,0,4,2,SPIRITUS:3;ITER:3;ARBOR:3;VACUOS:3,INFUSION;GOLEMWOOD,,concealed,9,TEXT;INFUSION_CRAFTING;TEXT;TEXT_CONCEALED;TEXT_CONCEALED;TEXT_CONCEALED;TEXT_CONCEALED;TEXT_CONCEALED;TEXT_CONCEALED,TravelTrunk,0
GOLEMSTRAW,GOLEMANCY,Straw Golems,0,2,2,SPIRITUS:3;MOTUS:3;MESSIS:3;PERMUTATIO:3,HUNGRYCHEST,,,4,TEXT;TEXT;CRUCIBLE_CRAFTING;TEXT,GolemStraw,0
GOLEMWOOD,GOLEMANCY,Wooden Golems,2,4,2,SPIRITUS:4;MOTUS:4;ARBOR:3;PERMUTATIO:3,GOLEMSTRAW,,secondary,2,TEXT;CRUCIBLE_CRAFTING,GolemWood,0
GOLEMTALLOW,GOLEMANCY,Tallow Golems,4,6,2,SPIRITUS:3;MOTUS:3;CORPUS:3;PRAECANTATIO:3;PERMUTATIO:3,GOLEMCLAY;TALLOW,,concealed,3,TEXT;NORMAL_CRAFTING;CRUCIBLE_CRAFTING,BlockTallow;GolemTallow,0
GOLEMCLAY,GOLEMANCY,Clay Golems,2,6,2,SPIRITUS:6;MOTUS:6;TERRA:3;PERMUTATIO:3,GOLEMWOOD,,secondary;concealed,2,TEXT;CRUCIBLE_CRAFTING,GolemClay,0
GOLEMFLESH,GOLEMANCY,Flesh Golems,4,4,2,SPIRITUS:7;MOTUS:7;CORPUS:6;PERMUTATIO:3,GOLEMWOOD,,concealed,3,TEXT;NORMAL_CRAFTING;CRUCIBLE_CRAFTING,BlockFlesh;GolemFlesh,3
GOLEMSTONE,GOLEMANCY,Stone Golems,2,8,2,SPIRITUS:6;MOTUS:6;TERRA:3;PERMUTATIO:3,GOLEMCLAY,,secondary;concealed,2,TEXT;CRUCIBLE_CRAFTING,GolemStone,0
GOLEMIRON,GOLEMANCY,Iron Golems,0,10,2,SPIRITUS:9;MOTUS:9;METALLUM:3;PERMUTATIO:3,GOLEMSTONE,,secondary;concealed,2,TEXT;CRUCIBLE_CRAFTING,GolemIron,0
GOLEMTHAUMIUM,GOLEMANCY,Thaumium Golems,2,10,2,SPIRITUS:10;MOTUS:10;METALLUM:3;PRAECANTATIO:3;PERMUTATIO:3,GOLEMIRON;THAUMIUM,,concealed,3,TEXT;NORMAL_CRAFTING;CRUCIBLE_CRAFTING,BlockThaumium;GolemThaumium,0
GOLEMBELL,GOLEMANCY,Golemancer's Bell,3,0,1,,GOLEMSTRAW,,stub,3,TEXT;TEXT;ARCANE_CRAFTING,GolemBell,0
COREGATHER,GOLEMANCY,Golem Core: Gather,-3,3,1,,GOLEMSTRAW,,stub;concealed,4,TEXT;ARCANE_CRAFTING;TEXT;CRUCIBLE_CRAFTING,CoreBlank;CoreGather,0
COREFILL,GOLEMANCY,Golem Core: Fill,-5,3,2,FAMES:3;PERMUTATIO:3;VACUOS:3,COREGATHER,,secondary;concealed,2,TEXT;CRUCIBLE_CRAFTING,CoreFill,0
COREEMPTY,GOLEMANCY,Golem Core: Empty,-5,1,2,VACUOS:3;PERMUTATIO:3;LUCRUM:3,COREGATHER,,secondary;concealed,2,TEXT;CRUCIBLE_CRAFTING,CoreEmpty,0
CORESORTING,GOLEMANCY,Golem Core: Sorting,-7,2,2,VACUOS:3;PERMUTATIO:3;LUCRUM:3;FAMES:3,COREEMPTY;COREFILL;INFUSION,,secondary;concealed,2,TEXT;INFUSION_CRAFTING,CoreSorting,0
COREUSE,GOLEMANCY,Golem Core: Use,-7,0,3,INSTRUMENTUM:3;PERMUTATIO:3;MACHINA:3;HUMANUS:3,COREEMPTY;INFUSION,,concealed,4,TEXT;TEXT;INFUSION_CRAFTING;TEXT_CONCEALED,CoreUse,0
COREHARVEST,GOLEMANCY,Golem Core: Harvest,-2,5,2,METO:6;MESSIS:3;ITER:3,COREGATHER,,concealed,3,TEXT;CRUCIBLE_CRAFTING;TEXT_CONCEALED,CoreHarvest,0
COREFISHING,GOLEMANCY,Golem Core: Fishing,-2,7,2,AQUA:3;METO:3;BESTIA:3;FAMES:3,COREHARVEST;INFUSION,,secondary;concealed,6,TEXT;INFUSION_CRAFTING;TEXT_CONCEALED;TEXT_CONCEALED;TEXT_CONCEALED;TEXT_CONCEALED,CoreFishing,0
CORELUMBER,GOLEMANCY,Golem Core: Chop,-1,7,2,ARBOR:6;METO:3;INSTRUMENTUM:3;POTENTIA:3,COREHARVEST;ELEMENTALAXE,,secondary;concealed,2,TEXT;INFUSION_CRAFTING,CoreLumber,0
COREGUARD,GOLEMANCY,Golem Core: Guard,-4,5,2,TELUM:3;VINCULUM:3;SENSUS:3,COREGATHER,,concealed,3,TEXT;CRUCIBLE_CRAFTING;TEXT_CONCEALED,CoreGuard,0
COREBUTCHER,GOLEMANCY,Golem Core: Butcher,-3,7,2,TELUM:3;BESTIA:3;SENSUS:3;METO:3,COREGUARD;COREHARVEST,,secondary;concealed,2,TEXT;CRUCIBLE_CRAFTING,CoreButcher,1
CORELIQUID,GOLEMANCY,Golem Core: Decanting,-7,4,2,AQUA:3;PERMUTATIO:3;ITER:3,COREFILL,,concealed,3,TEXT;CRUCIBLE_CRAFTING;TEXT_CONCEALED,CoreLiquid,0
COREALCHEMY,GOLEMANCY,Golem Core: Alchemy,-9,3,2,AQUA:3;ITER:3;PRAECANTATIO:3;POTENTIA:3,CORELIQUID;INFUSION,,secondary;concealed,3,TEXT;INFUSION_CRAFTING;TEXT,CoreAlchemy,0
UPGRADEAIR,GOLEMANCY,Golem Upgrade: Air,7,-3,1,AER:6;MOTUS:3,GOLEMBELL,,secondary;concealed,2,TEXT;ARCANE_CRAFTING,UpgradeAir,0
UPGRADEEARTH,GOLEMANCY,Golem Upgrade: Earth,6,-2,1,TERRA:6;VICTUS:3,GOLEMBELL,,secondary;concealed,2,TEXT;ARCANE_CRAFTING,UpgradeEarth,0
UPGRADEFIRE,GOLEMANCY,Golem Upgrade: Fire,5,-1,1,IGNIS:6;POTENTIA:3,GOLEMBELL,,secondary;concealed,2,TEXT;ARCANE_CRAFTING,UpgradeFire,0
UPGRADEWATER,GOLEMANCY,Golem Upgrade: Water,5,1,1,AQUA:6;SENSUS:3,GOLEMBELL,,secondary;concealed,2,TEXT;ARCANE_CRAFTING,UpgradeWater,0
UPGRADEORDER,GOLEMANCY,Golem Upgrade: Order,6,2,1,ORDO:6;COGNITIO:3,GOLEMBELL,,secondary;concealed,2,TEXT;ARCANE_CRAFTING,UpgradeOrder,0
UPGRADEENTROPY,GOLEMANCY,Golem Upgrade: Entropy,7,3,1,PERDITIO:6;COGNITIO:3,GOLEMBELL,,secondary;concealed,2,TEXT;ARCANE_CRAFTING,UpgradeEntropy,0
ADVANCEDGOLEM,GOLEMANCY,Advanced Golems,8,0,2,VICTUS:3;POTENTIA:3;COGNITIO:6;SENSUS:3,INFUSION;UPGRADEAIR;UPGRADEEARTH;UPGRADEFIRE;UPGRADEWATER;UPGRADEORDER;UPGRADEENTROPY,,concealed,2,TEXT;INFUSION_CRAFTING,AdvancedGolem,5
TINYHAT,GOLEMANCY,Tiny Hats,5,10,1,PANNUS:2;VICTUS:1;LUCRUM:1,,,secondary;hidden,2,TEXT;ARCANE_CRAFTING,TinyHat,0
TINYGLASSES,GOLEMANCY,Tiny Spectacles,6,10,1,PANNUS:2;SENSUS:1;LUCRUM:1,,,secondary;hidden,2,TEXT;ARCANE_CRAFTING,TinyGlasses,0
TINYBOWTIE,GOLEMANCY,Tiny Bowties,7,10,1,PANNUS:2;ITER:1;LUCRUM:1,,,secondary;hidden,2,TEXT;ARCANE_CRAFTING,TinyBowtie,0
TINYFEZ,GOLEMANCY,Tiny Fezzes,8,10,1,PANNUS:2;POTENTIA:1;LUCRUM:1,,,secondary;hidden,2,TEXT;ARCANE_CRAFTING,TinyFez,0
TINYDART,GOLEMANCY,Golem Dart Launcher,5,11,1,VOLATUS:1;TELUM:2;LUCRUM:1,,,secondary;hidden,2,TEXT;ARCANE_CRAFTING,TinyDart,0
TINYVISOR,GOLEMANCY,Golem Visor,6,11,1,SENSUS:1;TUTAMEN:2;LUCRUM:1,,,secondary;hidden,2,TEXT;ARCANE_CRAFTING,TinyVisor,0
TINYARMOR,GOLEMANCY,Golem Iron Plating,7,11,1,METALLUM:1;TUTAMEN:2;LUCRUM:1,,,secondary;hidden,2,TEXT;ARCANE_CRAFTING,TinyArmor,0
TINYHAMMER,GOLEMANCY,Golem Mace,8,11,1,METALLUM:1;TELUM:2;LUCRUM:1,,,secondary;hidden,2,TEXT;ARCANE_CRAFTING,TinyHammer,0
ASPECTS,BASICS,Aspects of Magic,0,0,1,,,,auto_unlock;stub;round,3,TEXT;TEXT;TEXT,,0
PECH,BASICS,The Pech,-4,-4,1,,,,auto_unlock;stub;round,2,TEXT;TEXT,,0
NODES,BASICS,Auras and Nodes,-2,0,1,,,,auto_unlock;stub;round,3,TEXT;TEXT;TEXT,,0
WARP,BASICS,"Warp, Flux and all things bad",0,2,1,,,,auto_unlock;stub;round,3,TEXT;TEXT;TEXT,,0
RESEARCH,BASICS,Research,2,0,1,,,,auto_unlock;stub;round,16,TEXT;TEXT;NORMAL_CRAFTING;TEXT;TEXT;NORMAL_CRAFTING;NORMAL_CRAFTING;NORMAL_CRAFTING;TEXT;TEXT;TEXT;TEXT;TEXT;TEXT;TEXT;TEXT,Thaumometer;Scribe1;Scribe2;Scribe3,0
KNOWFRAG,BASICS,Knowledge Fragments,3,-2,1,,RESEARCH,,auto_unlock;stub;round,2,TEXT;NORMAL_CRAFTING,KnowFrag,0
THAUMONOMICON,BASICS,Thaumonomicon,1,-2,1,,RESEARCH,,auto_unlock;stub;round,2,TEXT;NORMAL_CRAFTING,Thaumonomicon,0
ORE,BASICS,Ores,-2,-2,1,,,,auto_unlock;stub;round,5,TEXT;TEXT;NORMAL_CRAFTING;TEXT;TEXT,,0
PLANTS,BASICS,Plants & Trees,-2,-4,1,,,,auto_unlock;stub;round,8,TEXT;NORMAL_CRAFTING;TEXT;NORMAL_CRAFTING;TEXT;TEXT;TEXT;TEXT,PlankGreatwood;PlankSilverwood,0
ENCHANT,BASICS,Enchantments,-4,-2,1,,,,auto_unlock;stub;round,2,TEXT;TEXT,,0
NODETAPPER1,BASICS,Advanced Node Tapping,-4,1,2,AURAM:3;PRAECANTATIO:3;MOTUS:3;PERMUTATIO:3,NODES,,round,1,TEXT,,0
NODEPRESERVE,BASICS,Node Preserver,-6,2,2,AURAM:3;LUCRUM:3;SENSUS:3,NODETAPPER1,,round,1,TEXT,,0
NODEJAR,BASICS,Node in a Jar,-7,4,3,AURAM:6;LUCRUM:3;PERMUTATIO:3;MOTUS:3,NODEPRESERVE,,concealed,3,TEXT;NORMAL_CRAFTING;TEXT,NodeJar,0
NODETAPPER2,BASICS,Master Node Tapping,-3,3,2,AURAM:6;PRAECANTATIO:3;MOTUS:3;PERMUTATIO:3,NODETAPPER1,,round;special,1,TEXT,,0
RESEARCHER1,BASICS,Research Expertise,4,1,1,COGNITIO:3;SENSUS:3;ORDO:3,RESEARCH,,round,1,TEXT,,0
DECONSTRUCTOR,BASICS,Deconstruction table,6,2,1,COGNITIO:3;FABRICO:3;PERDITIO:3,RESEARCHER1,,round,3,TEXT;ARCANE_CRAFTING;TEXT,Deconstructor,0
RESEARCHER2,BASICS,Research Mastery,3,3,2,COGNITIO:6;ORDO:3;SENSUS:3;PRAECANTATIO:3,RESEARCHER1,,round;special,1,TEXT,,1
RESEARCHDUPE,BASICS,Research Duplication,4,5,3,COGNITIO:6;PERMUTATIO:3;SENSUS:3;LUCRUM:3;FABRICO:3,RESEARCHER2,,round,1,TEXT,,0
CRIMSON,BASICS,The Crimson Cult,0,4,1,,,,stub;round;special;hidden,1,TEXT,,3
ELDRITCHMINOR,ELDRITCH,Eldritch Epiphany,1,0,1,,,,round;special;hidden,2,TEXT;CRUCIBLE_CRAFTING,VoidSeed,0
ELDRITCHMAJOR,ELDRITCH,Eldritch Revelation,-1,0,1,,,,stub;round;special;hidden,2,TEXT;TEXT,,0
OCULUS,ELDRITCH,Opening the Eye,-2,2,1,COGNITIO:3;TENEBRAE:3;PERMUTATIO:3;ITER:6;ALIENIS:6,CRIMSON;ELDRITCHMAJOR,,round;special;concealed,3,TEXT;INFUSION_CRAFTING;TEXT,EldritchEye,6
ENTEROUTER,ELDRITCH,The Outer Lands ,-3,4,1,,OCULUS,,stub;round;hidden,1,TEXT,,0
OUTERREV,ELDRITCH,Revelations in the Outer Lands ,-5,3,1,ALIENIS:4;COGNITIO:4,ENTEROUTER,,secondary;special;lost,1,TEXT,,0
PRIMPEARL,ELDRITCH,Primordial Pearl ,0,4,1,AER:8;TERRA:8;IGNIS:8;AQUA:8;ORDO:8;PERDITIO:8,ELDRITCHMINOR,,secondary;special;lost,2,TEXT;TEXT,,0
PRIMNODE,ELDRITCH,Primordial Node Manipulation ,0,6,1,AURAM:1;PRAECANTATIO:1;ORDO:1;PERDITIO:1,PRIMPEARL,,secondary,1,TEXT,,1
ADVALCHEMYFURNACE,ELDRITCH,Advanced Alchemical Furnace ,-2,6,1,AURAM:1;PRAECANTATIO:1;ORDO:1;PERDITIO:1,PRIMPEARL;DISTILESSENTIA;VISPOWER,,secondary,4,TEXT;ARCANE_CRAFTING;TEXT;NORMAL_CRAFTING,AdvAlchemyConstruct;AdvAlchemyFurnace,0
PRIMALCRUSHER,ELDRITCH,Primal Crusher ,2,5,2,PERFODIO:6;INSTRUMENTUM:6;PERDITIO:6;VACUOS:6;TELUM:6;ALIENIS:6;LUCRUM:6,PRIMPEARL,VOIDMETAL;ELEMENTALPICK;ELEMENTALSHOVEL,concealed,3,TEXT;INFUSION_CRAFTING;TEXT,PrimalCrusher,0
SANITYCHECK,ELDRITCH,Sanity Check,2,2,1,COGNITIO:5;ALIENIS:3;SENSUS:5,ELDRITCHMINOR,,,2,TEXT;INFUSION_CRAFTING,SanityCheck,0
VOIDMETAL,ELDRITCH,Void metal,2,-2,2,METALLUM:3;ALIENIS:3;TENEBRAE:3;VACUOS:5,THAUMIUM;ELDRITCHMINOR,,,12,TEXT;CRUCIBLE_CRAFTING;TEXT;NORMAL_CRAFTING;NORMAL_CRAFTING;NORMAL_CRAFTING;NORMAL_CRAFTING;NORMAL_CRAFTING;NORMAL_CRAFTING;NORMAL_CRAFTING;NORMAL_CRAFTING;NORMAL_CRAFTING,VoidMetal;VoidAxe;VoidSword;VoidPick;VoidShovel;VoidHoe;VoidHelm;VoidChest;VoidLegs;VoidBoots,0
ESSENTIARESERVOIR,ELDRITCH,Advanced Essentia Storage ,4,-3,2,AQUA:5;VACUOS:8;PERMUTATIO:3;PRAECANTATIO:5,VOIDMETAL;CENTRIFUGE;INFUSION,,,3,TEXT;INFUSION_CRAFTING;TEXT,EssentiaReservoir,0
CAP_void,ELDRITCH,Void metal Wand Caps,5,-1,3,VACUOS:5;ALIENIS:5;INSTRUMENTUM:3;PRAECANTATIO:3;AURAM:3,CAP_thaumium;VOIDMETAL,,concealed,3,TEXT;ARCANE_CRAFTING;INFUSION_CRAFTING,WandCapVoidInert;WandCapVoid,1
ARMORVOIDFORTRESS,ELDRITCH,Void Thaumaturge Robes,0,-3,3,TUTAMEN:5;ALIENIS:3;PANNUS:3;TENEBRAE:3;VACUOS:5,VOIDMETAL;ENCHFABRIC;ELDRITCHMAJOR,,secondary;concealed,4,TEXT;INFUSION_CRAFTING;INFUSION_CRAFTING;INFUSION_CRAFTING,VoidRobeHelm;VoidRobeChest;VoidRobeLegs,0
FOCUSPRIMAL,ELDRITCH,Wand Focus: Primal,4,1,2,AER:6;AQUA:6;IGNIS:6;TERRA:6;ORDO:6;PERDITIO:6;PRAECANTATIO:6,ELDRITCHMINOR,,concealed,2,TEXT;ARCANE_CRAFTING,FocusPrimal,2
ROD_primal_staff,ELDRITCH,Staff Core of the Primal,6,2,3,AER:9;TERRA:9;IGNIS:9;AQUA:9;ORDO:9;PERDITIO:9;INSTRUMENTUM:9;PRAECANTATIO:12,FOCUSPRIMAL,ROD_silverwood_staff;ROD_bone_staff;ROD_greatwood_staff;ROD_blaze_staff;ROD_reed_staff;ROD_obsidian_staff;ROD_quartz_staff;ROD_ice_staff,hidden,2,TEXT;INFUSION_CRAFTING,WandRodPrimalStaff,3
